model,scheme,macro_f1,macro_f1_std,critical_recall,critical_recall_std,accuracy,balanced_accuracy,fraud_leak_rate,fit_seconds,predict_seconds,leakage_rows,parse_failures,parse_failure_rate
embedding_logreg,grouped,0.9714073541459672,0.03807062193632104,0.945,0.10990426455975696,0.9794043014533521,0.9739584418570253,0.05499999999999999,0.6095536916967831,0.00409744160133414,0,0,0.0
embedding_lightgbm,grouped,0.888963982740606,0.05889167381869268,0.765,0.16311119875071342,0.9074314345991562,0.8867407710884943,0.23500000000000001,1.6392338625519187,0.001489743850834202,0,0,0.0
linear_svc,grouped,0.8285105167017971,0.08974082224478823,0.8100000000000002,0.24899799195977465,0.845776293170808,0.8445747718622355,0.19,0.031112704251427203,0.004355566645972431,0,0,0.0
ridge,grouped,0.8190643776341651,0.08842658217593904,0.8150000000000002,0.24767338424456897,0.8357757071417409,0.8376345097175439,0.18500000000000003,0.023932462598895653,0.004120006102311891,0,0,0.0
logistic_regression,grouped,0.8083862462446231,0.08828956470968231,0.78,0.2627786741327145,0.8296036490076574,0.8248597925916006,0.21999999999999997,0.13399120624962962,0.004562114497821313,0,0,0.0
passive_aggressive,grouped,0.7903631835245478,0.10274764488718209,0.79,0.2531901719220056,0.8127668385685263,0.8099113530882075,0.20999999999999996,0.02981904170155758,0.00431560835277196,0,0,0.0
bernoulli_nb,grouped,0.7692479250482454,0.10776905560784251,0.6299999999999999,0.348077426353451,0.8195407485544617,0.7718658414515674,0.37,0.0038234667488723064,0.0010022291520726868,0,0,0.0
llm_zero_shot,grouped,0.7620775346928232,0.08645951865562816,0.8400000000000001,0.13138933706635725,0.7278377480856384,0.8010664376525165,0.16,3.1191650487016885e-05,1.9532290292030665,0,0,0.0
random_forest,grouped,0.7614421232781314,0.10613698649786378,0.795,0.2438183102661747,0.8013130957962182,0.7740725325700327,0.205,0.38702705834730294,0.050872947950847444,0,0,0.0
sgd,grouped,0.7352535342384183,0.12545705938691987,0.8400000000000001,0.20104987598001384,0.7555125800906392,0.7682488478361967,0.16,0.02937862080289051,0.004339029201946687,0,0,0.0
extra_trees,grouped,0.7316262039543153,0.13733306735365314,0.775,0.28446625921465435,0.7857899671823722,0.754079482893829,0.225,0.23973620190372458,0.041986818848818074,0,0,0.0
llm_few_shot,grouped,0.7056730166155198,0.0956843089727603,0.925,0.10699237552766379,0.6792886583841226,0.7866156524926687,0.075,0.000548610498663038,8.862904827049352,0,21,0.013125
multinomial_nb,grouped,0.6956079320876565,0.10737180432853866,0.355,0.2799906013460189,0.7641539693702142,0.7012907959236325,0.645,0.003606929097441025,0.0008413417512201704,0,0,0.0
complement_nb,grouped,0.6880761582063966,0.13199929301595958,0.48,0.3349783967896877,0.7276186708860759,0.7063647397272435,0.52,0.0036450394967687317,0.0009157021064311266,0,0,0.0
xgboost,grouped,0.6789750337356747,0.08061815378342922,0.5449999999999998,0.2282081229238369,0.7189085208626348,0.6900054173576875,0.45500000000000007,1.7561822188523366,0.007150803998229094,0,0,0.0
catboost,grouped,0.6693316836576366,0.09028773425935911,0.57,0.24083189157584592,0.7087750039068605,0.6859059696510699,0.43000000000000005,0.9474451875023078,0.010555250103061553,0,0,0.0
lightgbm,grouped,0.6690386471220042,0.08309688864748596,0.5450000000000002,0.2394621165511528,0.707712533208314,0.675719569137142,0.45499999999999996,3.648481947847176,0.007448764651780948,0,0,0.0
knn,grouped,0.6579788694279657,0.09081895035421729,0.5050000000000001,0.27429335045761344,0.7047495702453508,0.6674927177213814,0.495,0.01680951875023311,0.020443604099273215,0,0,0.0
decision_tree,grouped,0.5311391321539473,0.0967097476507687,0.845,0.21636956688426448,0.5774561454914829,0.5951045082365146,0.155,0.005889835346897599,0.000929614549386315,0,0,0.0
stratified_random,grouped,0.26186964175164096,0.043527364918399536,0.13,0.08013147091860319,0.2968982458196593,0.2629508178982222,0.8700000000000001,0.00010992280003847554,0.00018335209606448188,0,0,0.0
uniform_random,grouped,0.23669493022487362,0.05930674155787172,0.28500000000000003,0.1531253356602121,0.25069991404907016,0.24863575773212002,0.7150000000000001,0.00011702505580615252,0.00012301474489504472,0,0,0.0
most_frequent,grouped,0.14284719798343457,0.0017327654554190723,0.0,0.0,0.39999228395061737,0.25,1.0,9.091665269806981e-05,9.405399905517697e-05,0,0,0.0
embedding_logreg,naive,0.9980158730158731,0.008873285624999182,0.99,0.04472135954999579,0.99875,0.9974999999999999,0.009999999999999998,0.004437706449243706,0.00020439994987100362,1537,0,0.0
logistic_regression,naive,0.9970531002302504,0.009656718864390243,0.985,0.04893604849295929,0.9981249999999999,0.9962500000000001,0.014999999999999996,0.13175546460261103,0.003749735446763225,1537,0,0.0
passive_aggressive,naive,0.9970201404411931,0.009716253447225159,0.985,0.04893604849295929,0.9981249999999999,0.9962500000000001,0.014999999999999996,0.028855025103257503,0.00407534784899326,1537,0,0.0
random_forest,naive,0.9970201404411931,0.009716253447225159,0.985,0.04893604849295929,0.9981249999999999,0.9962500000000001,0.014999999999999996,0.2926874956989195,0.04114112289971672,1537,0,0.0
linear_svc,naive,0.996031746031746,0.012214028001013765,0.9800000000000001,0.061558701125109236,0.9974999999999999,0.9949999999999999,0.019999999999999997,0.0317382602050202,0.004424929247761611,1537,0,0.0
ridge,naive,0.996031746031746,0.012214028001013765,0.9800000000000001,0.061558701125109236,0.9974999999999999,0.9949999999999999,0.019999999999999997,0.022146822900685946,0.0037108456992427817,1537,0,0.0
extra_trees,naive,0.996024407866513,0.010391757836312,0.9799999999999999,0.052314836378059684,0.9974999999999999,0.9950000000000001,0.019999999999999997,0.23255823954968946,0.04200603750505252,1537,0,0.0
sgd,naive,0.9940402808823862,0.013042904020191532,0.97,0.06569466853317861,0.9962499999999999,0.9925,0.029999999999999992,0.028072199896269013,0.0038912291012820786,1537,0,0.0
decision_tree,naive,0.9882921541285512,0.026171827980311323,0.9800000000000001,0.052314836378059684,0.990625,0.9877777777777776,0.019999999999999997,0.006020300046657212,0.0009673021515482106,1537,0,0.0
bernoulli_nb,naive,0.984137663880122,0.021302101362073004,0.9149999999999998,0.10894228312566052,0.9893749999999999,0.9787500000000001,0.08499999999999999,0.0036477395973633976,0.0009075726964510977,1537,0,0.0
embedding_lightgbm,naive,0.9781160027327814,0.021853867333483074,0.9100000000000001,0.11652874052533586,0.98375,0.9722482638888887,0.09,1.1799616896969383,0.001087699897470884,1537,0,0.0
complement_nb,naive,0.9755510551694856,0.02508079293482304,0.8750000000000002,0.125131509768092,0.9843750000000002,0.96875,0.125,0.0036509228491922842,0.0008358458493603393,1537,0,0.0
multinomial_nb,naive,0.9699842928538484,0.02394184977065239,0.8450000000000001,0.11909748329127612,0.9806250000000001,0.96125,0.15499999999999997,0.003956404150812887,0.0008826166988001205,1537,0,0.0
catboost,naive,0.9661472339778481,0.022327813044230788,0.885,0.10894228312566052,0.9756250000000002,0.9625434027777778,0.11499999999999999,0.6310170688506332,0.006603483298385981,1537,0,0.0
lightgbm,naive,0.9620147556020429,0.024622931606355695,0.8699999999999999,0.10809352675491622,0.9725000000000001,0.9576388888888889,0.12999999999999998,3.2534332043505856,0.005668529095419217,1537,0,0.0
knn,naive,0.9618749678856691,0.026155908037025104,0.8300000000000001,0.10809352675491624,0.9718750000000002,0.9510503472222224,0.17000000000000004,0.014633506300742737,0.017335000001185107,1537,0,0.0
xgboost,naive,0.9497331142991833,0.03243058066673374,0.8600000000000001,0.09947229183096801,0.9618749999999998,0.9455121527777777,0.13999999999999999,1.4023351230032859,0.005774779252533335,1537,0,0.0
llm_zero_shot,naive,0.7691103922662021,0.02803404964305101,0.8400000000000001,0.10954451150103321,0.7275,0.8009722222222221,0.16,4.085348336957395e-06,0.0014434978511417285,1537,0,0.0
llm_few_shot,naive,0.7009470685847001,0.04701090376926435,0.9100000000000001,0.08522416262267904,0.675625,0.7814930555555555,0.09,0.00039281244680751116,8.248150697800156,1537,29,0.018125
stratified_random,naive,0.2582016456983099,0.05359132432009271,0.14500000000000002,0.11459310165698641,0.29187500000000005,0.25869791666666664,0.8550000000000001,0.0001516124510089867,0.00020940849790349603,1537,0,0.0
uniform_random,naive,0.2437987012987013,0.05217956854469494,0.265,0.1268027892769755,0.259375,0.25250868055555553,0.735,0.00021237314940663054,0.00014023344701854512,1537,0,0.0
most_frequent,naive,0.14285714285714285,0.0,0.0,0.0,0.4000000000000001,0.25,1.0,0.00022068749967729673,0.00012351670593488962,1537,0,0.0
